"","Author","n.active","n.sham","male.ratio","age.total","frequency","pulse.width","rms.value","charge.per.session","es","se","stim.type","intervention","sham.strategy","index"
"1","Decouck et al. (2016) #1",30,30,0.5,37,25,250,3.91311896062463e-05,0.0013125,0.00808195007964102,0.202618706059003,"slow burst","concha","concha","SDNN"
"2","Decouck et al. (2016) #2",30,30,0.5,37,25,250,3.91311896062463e-05,0.0013125,0.202048751991022,0.20701959945064,"slow burst","concha","concha","SDNN"
"3","Gauthey et al. (2020) #1",28,28,1,27,5,200,3.79473319220205e-05,0.00072,0.229378525739145,0.212240883729142,"continuous","concha","ear","SDNN"
"4","Gauthey et al. (2020) #2",28,28,1,27,25,200,0.000388908729652601,0.0165,0.194632434373413,0.211312942926621,"continuous","concha","ear","SDNN"
"5","Geng et al. (2022)",14,14,0.5714,23.42,20,250,0.000174284250579334,0.02025,1.36870177086712,0.349905301986744,"continuous","tragus","ear","SDNN"
"6","Shen et al. (2021) #1",42,42,0.476,21.67,500,500,0.000223606797749979,0.0225,0.218237431463892,0.179728826077476,"slow burst","concha","concha","SDNN"
"7","Shen et al. (2021) #2",42,42,0.476,21.67,25,500,0.000223606797749979,0.0225,0.0767933217481967,0.175760222076461,"continuous","concha","concha","SDNN"
